{"transfer/train_loss": 1.2942390441894531, "epoch": 0, "trainer/global_step": 135, "_timestamp": 1683047312.4758787, "_runtime": 40.00090575218201, "_step": 3, "transfer/train_metric": 0.5028241872787476, "transfer/val_loss": 1.516311764717102, "transfer/val_metric": 0.49720099568367004, "_wandb": {"runtime": 39}}