{"transfer/train_metric": 0.5238102674484253, "epoch": 0, "trainer/global_step": 2, "_timestamp": 1683127335.7020833, "_runtime": 11.144351243972778, "_step": 1, "transfer/val_loss": 4.221909999847412, "transfer/val_metric": 0.5052052736282349, "_wandb": {"runtime": 10}}