{"test_loss": 1.516311764717102, "test_metric": 0.49720099568367004, "epoch": 0, "trainer/global_step": 0, "_timestamp": 1683047370.194489, "_runtime": 7.086805105209351, "_step": 0, "_wandb": {"runtime": 6}}