{"test_loss": 1.516311764717102, "test_metric": 0.49720099568367004, "epoch": 0, "trainer/global_step": 0, "_timestamp": 1683127382.0072966, "_runtime": 7.0949625968933105, "_step": 0, "_wandb": {"runtime": 6}}